manu,model,release,mem,bandwidth,cores,ebay_com,ebay_com_link,ebay_any,ebay_any_link
NVIDIA,Tesla P40,2016/09,24GB,347GB/s,3840,400€,https://www.ebay.de/sch/i.html?_nkw=tesla+p40&_sacat=0&_from=R40&_trksid=p2334524.m570.l1313&_fsrp=1&_odkw=rtx+6000&_osacat=0&LH_BIN=1&_sop=15&LH_PrefLoc=1&LH_SellerType=2,250€,https://www.ebay.de/sch/i.html?_nkw=tesla+p40&_sacat=0&_from=R40&_trksid=p2334524.m570.l1313&_odkw=rtx+6000&_osacat=0&LH_BIN=1&_sop=15
NVIDIA,Tesla P100,2016/06,16GB,732GB/s,3584,150€,https://www.ebay.de/sch/i.html?_nkw=tesla+p100&_sacat=0&_from=R40&_trksid=p2334524.m570.l1313&LH_TitleDesc=0&_fsrp=1&_odkw=tesla+p40&_osacat=0&LH_BIN=1&_sop=15&LH_PrefLoc=1&LH_SellerType=2,125€,https://www.ebay.de/sch/i.html?_nkw=tesla+p100&_sacat=0&_from=R40&_trksid=p2334524.m570.l1313&_odkw=tesla+p40&_osacat=0&LH_BIN=1&_sop=15
NVIDIA,Tesla V100 1,2017/06,16GB,897GB/s,5120,370€,https://www.ebay.de/sch/i.html?_nkw=tesla+v100&_sacat=0&_from=R40&_trksid=p2334524.m570.l1313&_fsrp=1&_odkw=tesla+p100&_osacat=0&LH_BIN=1&_sop=15&LH_PrefLoc=1&LH_SellerType=2,250€,https://www.ebay.de/sch/i.html?_nkw=tesla+v100&_sacat=0&_from=R40&_trksid=p2334524.m570.l1313&_odkw=tesla+p100&_osacat=0&LH_BIN=1&_sop=15
NVIDIA,Tesla V100 2,2018/03,32GB,897GB/s,5120,1000€,https://www.ebay.de/sch/i.html?_nkw=tesla+v100+32gb&_sacat=0&_from=R40&_trksid=p2334524.m570.l1313&LH_TitleDesc=0&_fsrp=1&_odkw=tesla+v100&_osacat=0&LH_BIN=1&_sop=15&LH_PrefLoc=1&LH_SellerType=2,560€,https://www.ebay.de/sch/i.html?_nkw=tesla+v100+32gb&_sacat=0&_from=R40&_trksid=p2334524.m570.l1313&_odkw=tesla+v100&_osacat=0&LH_BIN=1&_sop=15
NVIDIA,Quadro RTX 5000,2018/08,16GB,448GB/s,3072,550€,https://www.ebay.de/sch/i.html?_fsrp=1&rt=nc&_from=R40&_nkw=quadro+rtx+5000&_sacat=0&LH_BIN=1&_sop=15&LH_PrefLoc=1&LH_SellerType=2,450€,https://www.ebay.de/sch/i.html?_nkw=quadro+rtx+5000&_sacat=0&_from=R40&LH_BIN=1&_sop=15
NVIDIA,Quadro RTX 6000,2018/08,24GB,672GB/s,4608,1100€,https://www.ebay.de/sch/i.html?_nkw=rtx+6000&_sacat=0&_from=R40&_trksid=p2334524.m570.l1313&_fsrp=1&_odkw=rtx+4500+ada&_osacat=0&LH_BIN=1&_sop=15&LH_PrefLoc=1&LH_SellerType=2,900€,https://www.ebay.de/sch/i.html?_nkw=rtx+6000&_sacat=0&_from=R40&_trksid=p2334524.m570.l1313&_odkw=rtx+4500+ada&_osacat=0&LH_BIN=1&_sop=15
NVIDIA,RTX A4000,2021/04,16GB,448GB/s,6144,1000€,https://www.ebay.de/sch/i.html?_nkw=quadro+rtx+a4000&_sacat=0&_from=R40&_trksid=p2334524.m570.l1313&_fsrp=1&_odkw=quadro+gv100&_osacat=0&LH_BIN=1&_sop=15&LH_PrefLoc=1&LH_SellerType=2,1000€,https://www.ebay.de/sch/i.html?_nkw=quadro+rtx+a4000&_sacat=0&_from=R40&_trksid=p2334524.m570.l1313&_odkw=quadro+gv100&_osacat=0&LH_BIN=1&_sop=15
NVIDIA,RTX A4500,2021/11,20GB,640GB/s,7168,1400€,https://www.ebay.de/sch/i.html?_nkw=rtx+a4500&_sacat=0&_from=R40&_trksid=p2334524.m570.l1313&LH_TitleDesc=0&_fsrp=1&_odkw=rtx+4500&_osacat=0&LH_BIN=1&_sop=15&LH_PrefLoc=1&LH_SellerType=2,1100€,https://www.ebay.de/sch/i.html?_nkw=rtx+a4500&_sacat=0&_from=R40&_trksid=p2334524.m570.l1313&LH_TitleDesc=0&_odkw=rtx+4500&_osacat=0&LH_BIN=1&_sop=15
NVIDIA,RTX A5000,2021/04,24GB,768GB/s,8192,n.a.,https://www.ebay.de/sch/i.html?_nkw=quadro+rtx+a5000&_sacat=0&_from=R40&_trksid=p2334524.m570.l1313&LH_TitleDesc=0&_fsrp=1&_odkw=quadro+rtx+a4000&_osacat=0&LH_BIN=1&_sop=15&LH_PrefLoc=1&LH_SellerType=2,3000€,https://www.ebay.de/sch/i.html?_nkw=quadro+rtx+a5000&_sacat=0&_from=R40&_trksid=p2334524.m570.l1313&_odkw=quadro+rtx+a4000&_osacat=0&LH_BIN=1&_sop=15
NVIDIA,RTX A5500,2022/03,24GB,768GB/s,10240,n.a.,https://www.ebay.de/sch/i.html?_nkw=quadro+rtx+a5500&_sacat=0&_from=R40&_trksid=m570.l1313&LH_TitleDesc=0&_fsrp=1&_odkw=quadro+rtx+a5000&_osacat=0&LH_BIN=1&_sop=15&LH_PrefLoc=1&LH_SellerType=2,3600€,https://www.ebay.de/sch/i.html?_nkw=quadro+rtx+a5500&_sacat=0&_from=R40&_trksid=m570.l1313&_odkw=quadro+rtx+a5000&_osacat=0&LH_BIN=1&_sop=15
NVIDIA,RTX 2000 Ada,2024/02,16GB,224GB/s,2816,750€,https://www.ebay.de/sch/i.html?_nkw=quadro+rtx+2000+ada&_sacat=0&_from=R40&_trksid=m570.l1313&LH_TitleDesc=0&_fsrp=1&_odkw=quadro+rtx+a5500&_osacat=0&LH_BIN=1&_sop=15&LH_PrefLoc=1&LH_SellerType=2,700€,https://www.ebay.de/sch/i.html?_nkw=quadro+rtx+2000+ada&_sacat=0&_from=R40&_trksid=p2334524.m570.l1313&_odkw=quadro+rtx+a5500&_osacat=0&LH_BIN=1&_sop=15
NVIDIA,RTX 4000 Ada,2023/03,20GB,280GB/s,6144,n.a.,https://www.ebay.de/sch/i.html?_nkw=quadro+rtx+4000+ada&_sacat=0&_from=R40&_trksid=m570.l1313&LH_TitleDesc=0&_fsrp=1&_odkw=quadro+rtx+2000+ada&_osacat=0&LH_BIN=1&_sop=15&LH_PrefLoc=1&LH_SellerType=2,1800€,https://www.ebay.de/sch/i.html?_nkw=quadro+rtx+4000+ada&_sacat=0&_from=R40&_trksid=m570.l1313&_odkw=quadro+rtx+2000+ada&_osacat=0&LH_BIN=1&_sop=15
NVIDIA,RTX 4500 Ada,2023/08,24GB,432GB/s,7680,2200€,https://www.ebay.de/sch/i.html?_nkw=rtx+4500+ada&_sacat=0&_from=R40&_trksid=p2334524.m570.l1313&LH_TitleDesc=0&_fsrp=1&_odkw=rtx+a4500&_osacat=0&LH_BIN=1&_sop=15&LH_PrefLoc=1&LH_SellerType=2,2000€,https://www.ebay.de/sch/i.html?_nkw=rtx+4500+ada&_sacat=0&_from=R40&_trksid=p2334524.m570.l1313&_odkw=rtx+a4500&_osacat=0&LH_BIN=1&_sop=15
NVIDIA,RTX 5000 Ada,2023/08,32GB,576GB/s,12800,n.a.,https://www.ebay.de/sch/i.html?_nkw=quadro+rtx+5000+ada&_sacat=0&_from=R40&_trksid=m570.l1313&LH_TitleDesc=0&_fsrp=1&_odkw=quadro+rtx+4000+ada&_osacat=0&LH_BIN=1&_sop=15&LH_PrefLoc=1&LH_SellerType=2,4500€,https://www.ebay.de/sch/i.html?_nkw=quadro+rtx+5000+ada&_sacat=0&_from=R40&_trksid=m570.l1313&_odkw=quadro+rtx+4000+ada&_osacat=0&LH_BIN=1&_sop=15
NVIDIA,RTX 3090,2020/09,24GB,936GB/s,10496,1400€,https://www.ebay.de/sch/i.html?_nkw=rtx+3090&_sacat=0&_from=R40&_trksid=p2334524.m570.l1313&LH_TitleDesc=0&_fsrp=1&_odkw=tesla+v100+32gb&_osacat=0&LH_BIN=1&_sop=15&LH_PrefLoc=1&LH_SellerType=2,1300€,https://www.ebay.de/sch/i.html?_nkw=rtx+3090&_sacat=0&_from=R40&_trksid=p2334524.m570.l1313&_odkw=tesla+v100+32gb&_osacat=0&LH_BIN=1&_sop=15
NVIDIA,RTX 4080,2022/11,16GB,716GB/s,9728,1000€,https://www.ebay.de/sch/i.html?_nkw=rtx+4080&_sacat=0&_from=R40&_trksid=p2334524.m570.l1313&LH_TitleDesc=0&_fsrp=1&_odkw=rtx+3090&_osacat=0&LH_BIN=1&_sop=15&LH_PrefLoc=1&LH_SellerType=2,800€,https://www.ebay.de/sch/i.html?_nkw=rtx+4080&_sacat=0&_from=R40&_trksid=p2334524.m570.l1313&_odkw=rtx+3090&_osacat=0&LH_BIN=1&_sop=15
NVIDIA,RTX 4090,2022/10,24GB,1.01TB/s,16384,n.a.,https://www.ebay.de/sch/i.html?_nkw=rtx+4090&_sacat=0&_from=R40&_trksid=p2334524.m570.l1313&LH_TitleDesc=0&_fsrp=1&_odkw=rtx+4080&_osacat=0&LH_BIN=1&_sop=15&LH_PrefLoc=1&LH_SellerType=2,n.a.,https://www.ebay.de/sch/i.html?_nkw=rtx+4090&_sacat=0&_from=R40&_trksid=p2334524.m570.l1313&_odkw=rtx+4080&_osacat=0&LH_BIN=1&_sop=15
NVIDIA,RTX 5070 Ti,2025/02,16GB,896GB/s,8960,1000€,https://www.ebay.de/sch/i.html?_nkw=rtx+5070+ti&_sacat=0&_from=R40&_trksid=p2334524.m570.l1313&LH_TitleDesc=0&_fsrp=1&_odkw=rtx+4090&_osacat=0&LH_BIN=1&_sop=15&LH_PrefLoc=1&LH_SellerType=2,950€,https://www.ebay.de/sch/i.html?_nkw=rtx+5070+ti&_sacat=0&_from=R40&_trksid=p2334524.m570.l1313&_odkw=rtx+4090&_osacat=0&LH_BIN=1&_sop=15
NVIDIA,RTX 5080,2025/01,16GB,960GB/s,10752,1400€,https://www.ebay.de/sch/i.html?_nkw=rtx+5080&_sacat=0&_from=R40&_trksid=p2334524.m570.l1313&LH_TitleDesc=0&_fsrp=1&_odkw=rtx+5070+ti&_osacat=0&LH_BIN=1&_sop=15&LH_PrefLoc=1&LH_SellerType=2,1300€,https://www.ebay.de/sch/i.html?_nkw=rtx+5080&_sacat=0&_from=R40&_trksid=p2334524.m570.l1313&_odkw=rtx+5070+ti&_osacat=0&LH_BIN=1&_sop=15
NVIDIA,RTX 5090,2025/01,32GB,1.79TB/s,21760,n.a.,https://www.ebay.de/sch/i.html?_nkw=rtx+5090&_sacat=0&_from=R40&_trksid=p2334524.m570.l1313&LH_TitleDesc=0&_fsrp=1&_odkw=rtx+5080&_osacat=0&LH_BIN=1&_sop=15&LH_PrefLoc=1&LH_SellerType=2,n.a.,https://www.ebay.de/sch/i.html?_nkw=rtx+5090&_sacat=0&_from=R40&_trksid=p2334524.m570.l1313&_odkw=rtx+5080&_osacat=0&LH_BIN=1&_sop=15
AMD,Radeon Vega Frontier Ed.,2017/06,16GB,484GB/s,,500€,https://www.ebay.de/sch/i.html?_nkw=amd+vega+frontier&_sacat=0&_from=R40&_trksid=p2334524.m570.l1313&LH_TitleDesc=0&_fsrp=1&_odkw=amd+vega+10&_osacat=0&LH_BIN=1&_sop=15&LH_PrefLoc=1&LH_SellerType=2,500€,https://www.ebay.de/sch/i.html?_nkw=amd+vega+frontier&_sacat=0&_from=R40&_trksid=p2334524.m570.l1313&_odkw=quadro+rtx+5000+ada&_osacat=0&LH_BIN=1&_sop=15
AMD,Radeon RX 6800,2020/11,16GB,512GB/s,,450€,https://www.ebay.de/sch/i.html?_nkw=amd+rx+6800&_sacat=0&_from=R40&_trksid=p2334524.m570.l1313&LH_TitleDesc=0&_fsrp=1&_odkw=amd+vega+frontier&_osacat=0&LH_BIN=1&_sop=15&LH_PrefLoc=1&LH_SellerType=2,375€,https://www.ebay.de/sch/i.html?_nkw=amd+rx+6800&_sacat=0&_from=R40&_trksid=m570.l1313&LH_TitleDesc=0&_odkw=amd+vega+frontier&_osacat=0&LH_BIN=1&_sop=15
AMD,Radeon RX 7800 XT,2023/09,16GB,624GB/s,,n.a.,https://www.ebay.de/sch/i.html?_nkw=amd+rx+7800+xt&_sacat=0&_from=R40&_trksid=p2334524.m570.l1313&_fsrp=1&_odkw=amd+rx+6800&_osacat=0&LH_BIN=1&_sop=15&LH_PrefLoc=1&LH_SellerType=2,500€,https://www.ebay.de/sch/i.html?_nkw=amd+rx+7800+xt&_sacat=0&_from=R40&_trksid=p2334524.m570.l1313&LH_TitleDesc=0&_odkw=amd+rx+6800&_osacat=0&LH_BIN=1&_sop=15
AMD,Radeon RX 7900 GRE,2023/07,16GB,576GB/s,,750€,https://www.ebay.de/sch/i.html?_nkw=amd+rx+7900+gre&_sacat=0&_from=R40&_trksid=p2334524.m570.l1313&LH_TitleDesc=0&_fsrp=1&_odkw=amd+rx+7800+xt&_osacat=0&LH_BIN=1&_sop=15&LH_PrefLoc=1&LH_SellerType=2,600€,https://www.ebay.de/sch/i.html?_nkw=amd+rx+7900+gre&_sacat=0&_from=R40&_trksid=p2334524.m570.l1313&_odkw=amd+rx+7800+xt&_osacat=0&LH_BIN=1&_sop=15
AMD,Radeon RX 7900 XT,2022/12,20GB,800GB/s,,700€,https://www.ebay.de/sch/i.html?_nkw=amd+rx+7900+xt&_sacat=0&_from=R40&_trksid=p2334524.m570.l1313&LH_TitleDesc=0&_fsrp=1&_odkw=amd+rx+7900+gre&_osacat=0&LH_BIN=1&_sop=15&LH_PrefLoc=1&LH_SellerType=2,700€,https://www.ebay.de/sch/i.html?_nkw=amd+rx+7900+xt&_sacat=0&_from=R40&_trksid=p2334524.m570.l1313&_odkw=amd+rx+7900+gre&_osacat=0&LH_BIN=1&_sop=15
AMD,Radeon RX 7900 XTE,2022/12,24GB,960GB/s,,n.a.,https://www.ebay.de/sch/i.html?_nkw=amd+rx+7900+xtx&_sacat=0&_from=R40&_trksid=p2334524.m570.l1313&LH_TitleDesc=0&_fsrp=1&_odkw=amd+rx+7900+xt&_osacat=0&LH_BIN=1&_sop=15&LH_PrefLoc=1&LH_SellerType=2,850€,https://www.ebay.de/sch/i.html?_nkw=amd+rx+7900+xtx&_sacat=0&_from=R40&_trksid=p2334524.m570.l1313&_odkw=amd+rx+7900+xt&_osacat=0&LH_BIN=1&_sop=15
AMD,Radeon RX 9070 w/wo XT,2025/03,16GB,640GB/s,,600€,https://www.ebay.de/sch/i.html?_nkw=amd+rx+9070&_sacat=0&_from=R40&_trksid=p2334524.m570.l1313&LH_TitleDesc=0&_fsrp=1&_odkw=amd+rx+7900+xtx&_osacat=0&LH_BIN=1&_sop=15&LH_PrefLoc=1&LH_SellerType=2,550€,https://www.ebay.de/sch/i.html?_nkw=amd+rx+9070&_sacat=0&_from=R40&_trksid=p2334524.m570.l1313&_odkw=amd+rx+7900+xtx&_osacat=0&LH_BIN=1&_sop=15
Intel,ARC Pro B50,2025/09,16GB,224GB/s,,600€,https://www.ebay.de/sch/i.html?_nkw=intel+arc+b50&_sacat=0&_from=R40&_trksid=p2334524.m570.l1313&LH_TitleDesc=0&_fsrp=1&_odkw=amd+rx+9070&_osacat=0&LH_BIN=1&_sop=15&LH_PrefLoc=1&LH_SellerType=2,600€,https://www.ebay.de/sch/i.html?_nkw=intel+arc+b50&_sacat=0&_from=R40&_trksid=p2334524.m570.l1313&_odkw=amd+rx+9070&_osacat=0&LH_BIN=1&_sop=15
Intel,ARC Pro B60,2025/Q3,24GB,456GB/s,,1000€,https://www.ebay.de/sch/i.html?_nkw=intel+arc+b60&_sacat=0&_from=R40&_trksid=m570.l1313&_fsrp=1&_odkw=intel+arc+b50&_osacat=0&LH_BIN=1&_sop=15&LH_PrefLoc=1&LH_SellerType=2,900€,https://www.ebay.de/sch/i.html?_nkw=intel+arc+b60&_sacat=0&_from=R40&_trksid=m570.l1313&LH_TitleDesc=0&_odkw=intel+arc+b50&_osacat=0&LH_BIN=1&_sop=15
Intel,ARC Pro B70,2026/Q1,32GB,608GB/s,,n.a.,https://www.ebay.de/sch/i.html?_nkw=intel+arc+b70&_sacat=0&_from=R40&_trksid=m570.l1313&LH_TitleDesc=0&_fsrp=1&_odkw=intel+arc+b60&_osacat=0&LH_BIN=1&_sop=15&LH_PrefLoc=1&LH_SellerType=2,n.a.,https://www.ebay.de/sch/i.html?_nkw=intel+arc+b70&_sacat=0&_from=R40&_trksid=m570.l1313&_odkw=intel+arc+b60&_osacat=0&LH_BIN=1&_sop=15